Rack,ID,Genotype,Treatment,Symbiont,DD
1,H10P,P,hyp,Apo,1.543688082
1,H10R,R,hyp,Apo,0.541013541
1,H11H,H,hyp,Sym,1.018221537
1,H11I,I,hyp,Sym,0.700638242
2,H13J,J,hyp,Apo,1.087873525
2,H13K,K,hyp,Apo,0.646566208
2,H13L,L,hyp,Apo,1.359613098
2,H18A,A,hyp,Sym,0
2,H18B,B,hyp,Sym,1.610941469
2,H18C,C,hyp,Sym,0.970679054
2,H19D,D,hyp,Sym,0
2,H19E,E,hyp,Sym,2.241561925
2,H21G,G,hyp,Sym,1.538335878
2,H21H,H,hyp,Sym,1.163282169
2,H21I,I,hyp,Sym,0.73753384
2,H22M,M,hyp,Apo,1.010790708
2,H22N,N,hyp,Apo,0.694415011
2,H22O,O,hyp,Apo,1.280043015
2,H24P,P,hyp,Apo,1.227032773
2,H24Q,Q,hyp,Apo,1.657269079
2,H24R,R,hyp,Apo,1.573692368
3,H28C,C,hyp,Sym,1.808641449
3,H29J,J,hyp,Apo,0.539858142
3,H29K,K,hyp,Apo,0.431558873
1,H2J,J,hyp,Apo,0.576941642
1,H2K,K,hyp,Apo,0.407754419
1,H2L,L,hyp,Apo,1.000770514
3,H31D,D,hyp,Sym,1.350324379
3,H31E,E,hyp,Sym,1.610336681
3,H31F,F,hyp,Sym,2.349293889
3,H32M,M,hyp,Apo,1.065342329
3,H32N,N,hyp,Apo,1.29869909
3,H32O,O,hyp,Apo,1.191549008
3,H34G,G,hyp,Sym,1.73112122
3,H34H,H,hyp,Sym,0.851644921
3,H34H,I,hyp,Sym,0.696134482
3,H35P,P,hyp,Apo,1.629712298
3,H35Q,Q,hyp,Apo,1.386769746
3,H35R,R,hyp,Apo,1.272195956
1,H4A,A,hyp,Sym,0.609972268
1,H4B,B,hyp,Sym,0
1,H4C,C,hyp,Sym,0.698040007
1,H5M,M,hyp,Apo,0.625684229
1,H5O,O,hyp,Apo,0.843479842
1,H9D,D,hyp,Sym,0
1,H9E,E,hyp,Sym,1.309733809
1,H9F,F,hyp,Sym,0
1,N12G,G,norm,Sym,1.356350985
1,N12H,H,norm,Sym,0.439130412
1,N12I,I,norm,Sym,0
2,N14A,A,norm,Sym,1.298010185
2,N14B,B,norm,Sym,1.163027951
2,N14C,C,norm,Sym,1.199601465
2,N15J,J,norm,Apo,0.642439072
2,N15K,K,norm,Apo,0.45731635
2,N16M,M,norm,Apo,0.723165852
2,N16N,N,norm,Apo,0.781675771
2,N16O,O,norm,Apo,0.645780835
2,N17D,D,norm,Sym,0
2,N17F,F,norm,Sym,2.331395524
1,N1A,A,norm,Sym,1.726338382
1,N1B,B,norm,Sym,1.24725727
1,N1C,C,norm,Sym,0.566710935
2,N20P,P,norm,Apo,1.059468768
2,N20Q,Q,norm,Apo,0.793640897
2,N20R,R,norm,Apo,0.991014414
2,N23G,G,norm,Sym,1.520363833
2,N23H,H,norm,Sym,1.121373671
2,N23I,I,norm,Sym,0.527525579
3,N25A,A,norm,Sym,0.947786411
3,N25C,C,norm,Sym,1.294412226
3,N26E,E,norm,Sym,3.786817262
3,N27J,J,norm,Apo,0.668139579
3,N27K,K,norm,Apo,0.365301789
3,N27L,L,norm,Apo,0.715981636
3,N30M,M,norm,Apo,1.217100392
3,N30N,N,norm,Apo,0.722270424
3,N30O,O,norm,Apo,1.552430848
3,N33P,P,norm,Apo,1.347433947
3,N33Q,Q,norm,Apo,1.003809818
3,N33R,R,norm,Apo,1.047528669
3,N36H,H,norm,Sym,0
3,N36I,I,norm,Sym,0
1,N3D,D,norm,Sym,0.802714648
1,N3E,E,norm,Sym,0.899172176
1,N3F,F,norm,Sym,0.854355369
1,N6J,J,norm,Apo,0.857827189
1,N6K,K,norm,Apo,0.595753277
1,N6L,L,norm,Apo,0.486377367
1,N7M,M,norm,Apo,0.873708375
1,N7N,N,norm,Apo,0.462393806
1,N7O,O,norm,Apo,0.962648636
1,N8P,P,norm,Apo,1.840386574
1,N8Q,Q,norm,Apo,1.284618194
1,N8R,R,norm,Apo,1.046121073