Rack,ID,Genotype,Treatment,Symbiont,PC
1,H10P,P,hyp,Apo,0.838088476
1,H10Q,Q,hyp,Apo,0.860326464
1,H10R,R,hyp,Apo,1.344910804
1,H11G,G,hyp,Sym,1.45070403
1,H11H,H,hyp,Sym,0.521712188
1,H11I,I,hyp,Sym,1.165626591
2,H13J,J,hyp,Apo,0.777730701
2,H13K,K,hyp,Apo,0.367906618
2,H13L,L,hyp,Apo,0.733094205
2,H18A,A,hyp,Sym,0.933825952
2,H18B,B,hyp,Sym,1.052069516
2,H18C,C,hyp,Sym,0.646989643
2,H19D,D,hyp,Sym,0.361450889
2,H19E,E,hyp,Sym,0.696360973
2,H19F,F,hyp,Sym,1.146292144
2,H21G,G,hyp,Sym,0.27607117
2,H21H,H,hyp,Sym,1.061269003
2,H21I,I,hyp,Sym,1.39826049
2,H22N,N,hyp,Apo,2.443947487
2,H22O,O,hyp,Apo,1.266999645
2,H24P,P,hyp,Apo,1.428936591
2,H24Q,Q,hyp,Apo,0.730086464
2,H24R,R,hyp,Apo,0.777958322
3,H28A,A,hyp,Sym,1.147218206
3,H28B,B,hyp,Sym,1.112320053
3,H28C,C,hyp,Sym,1.014776166
3,H29J,J,hyp,Apo,0.819495576
3,H29K,K,hyp,Apo,0.36168336
3,H29L,L,hyp,Apo,1.507882299
1,H2J,J,hyp,Apo,0.945586035
1,H2K,K,hyp,Apo,0.87946869
1,H2L,L,hyp,Apo,1.639690641
3,H31D,D,hyp,Sym,1.787089634
3,H31E,E,hyp,Sym,0.60144938
3,H31F,F,hyp,Sym,1.895264256
3,H32M,M,hyp,Apo,1.689996109
3,H32N,N,hyp,Apo,0.646074157
3,H32O,O,hyp,Apo,0.789345243
3,H34G,G,hyp,Sym,1.260170955
3,H34H,H,hyp,Sym,1.215830193
3,H34H,I,hyp,Sym,1.570384412
3,H35P,P,hyp,Apo,0.885303717
3,H35Q,Q,hyp,Apo,0.779675595
3,H35R,R,hyp,Apo,1.705709846
1,H4A,A,hyp,Sym,1.322943917
1,H4B,B,hyp,Sym,1.281290077
1,H4C,C,hyp,Sym,0.473760839
1,H5M,M,hyp,Apo,0.865013255
1,H5N,N,hyp,Apo,1.257522305
1,H5O,O,hyp,Apo,1.203227548
1,H9D,D,hyp,Sym,1.798900056
1,H9E,E,hyp,Sym,0.855891471
1,H9F,F,hyp,Sym,0.925100353
1,N12G,G,norm,Sym,1.168606292
1,N12H,H,norm,Sym,0.710682048
1,N12I,I,norm,Sym,1.068168067
2,N14A,A,norm,Sym,0.996424749
2,N14B,B,norm,Sym,0.772419079
2,N14C,C,norm,Sym,0.431857558
2,N15J,J,norm,Apo,0.813516653
2,N15K,K,norm,Apo,0.949386408
2,N15L,L,norm,Apo,1.128444583
2,N16M,M,norm,Apo,0.850747133
2,N16N,N,norm,Apo,1.18670415
2,N16O,O,norm,Apo,0.732224988
2,N17D,D,norm,Sym,1.144570088
2,N17E,E,norm,Sym,1.798043789
2,N17F,F,norm,Sym,1.370514224
1,N1A,A,norm,Sym,0.883630236
1,N1B,B,norm,Sym,0.871094118
1,N1C,C,norm,Sym,0.554709983
2,N20P,P,norm,Apo,0.848706442
2,N20Q,Q,norm,Apo,0.687116618
2,N20R,R,norm,Apo,0.342775866
2,N23G,G,norm,Sym,1.553361509
2,N23H,H,norm,Sym,1.320665799
2,N23I,I,norm,Sym,1.973270585
3,N25A,A,norm,Sym,0.618453919
3,N25B,B,norm,Sym,1.228373241
3,N25C,C,norm,Sym,0.661634809
3,N26D,D,norm,Sym,0.828956348
3,N26E,E,norm,Sym,1.294189316
3,N26F,F,norm,Sym,1.204169195
3,N27J,J,norm,Apo,0.578574968
3,N27K,K,norm,Apo,0.506387986
3,N27L,L,norm,Apo,0.7894478
3,N30M,M,norm,Apo,0.975302369
3,N30N,N,norm,Apo,0.545134702
3,N30O,O,norm,Apo,0.535706923
3,N33P,P,norm,Apo,0.757078722
3,N33Q,Q,norm,Apo,1.019050078
3,N36H,H,norm,Sym,1.341207957
3,N36I,I,norm,Sym,1.221926749
1,N3D,D,norm,Sym,1.308852296
1,N3E,E,norm,Sym,0.61214162
1,N3F,F,norm,Sym,1.251129546
1,N6J,J,norm,Apo,1.03939215
1,N6K,K,norm,Apo,1.179620178
1,N6L,L,norm,Apo,1.376658227
1,N7M,M,norm,Apo,0.150953778
1,N7N,N,norm,Apo,0.74354779
1,N7O,O,norm,Apo,0.72531801
1,N8P,P,norm,Apo,0.818360122
1,N8Q,Q,norm,Apo,0.539453577
1,N8R,R,norm,Apo,1.367918219