Rack,ID,Genotype,Treatment,Symbiont,LP
1,H10P,P,hyp,Apo,0.714839431
1,H10Q,Q,hyp,Apo,1.079146326
1,H11H,H,hyp,Sym,0.534776832
1,H11I,I,hyp,Sym,0.870321913
2,H13J,J,hyp,Apo,0.963215785
2,H13K,K,hyp,Apo,0.691948518
2,H13L,L,hyp,Apo,0.879886679
2,H18A,A,hyp,Sym,1.105567578
2,H18B,B,hyp,Sym,1.722345326
2,H18C,C,hyp,Sym,1.212711842
2,H19D,D,hyp,Sym,1.050153031
2,H19E,E,hyp,Sym,2.138089208
2,H21I,I,hyp,Sym,1.627604752
2,H22M,M,hyp,Apo,0.507653056
2,H22N,N,hyp,Apo,0.885699713
2,H22O,O,hyp,Apo,0.971727003
2,H24P,P,hyp,Apo,1.42738857
2,H24Q,Q,hyp,Apo,1.009737668
2,H24R,R,hyp,Apo,1.538121714
3,H28C,C,hyp,Sym,0.999513444
3,H29J,J,hyp,Apo,0.535846593
3,H29K,K,hyp,Apo,0.42041585
1,H2J,J,hyp,Apo,0.585072277
1,H2K,K,hyp,Apo,0.990853371
1,H2L,L,hyp,Apo,1.247695326
3,H31D,D,hyp,Sym,0.281962078
3,H31E,E,hyp,Sym,1.496190688
3,H31F,F,hyp,Sym,0.730019302
3,H32M,M,hyp,Apo,1.345831565
3,H32N,N,hyp,Apo,0.923037251
3,H32O,O,hyp,Apo,0.513281392
3,H34G,G,hyp,Sym,1.173518316
3,H34H,H,hyp,Sym,1.501927738
3,H34H,I,hyp,Sym,1.164546745
3,H35P,P,hyp,Apo,0.984288789
3,H35Q,Q,hyp,Apo,0.85462522
3,H35R,R,hyp,Apo,2.664217963
1,H4A,A,hyp,Sym,1.728492726
1,H4B,B,hyp,Sym,1.542523348
1,H4C,C,hyp,Sym,1.32149405
1,H5M,M,hyp,Apo,0.323405795
1,H5O,O,hyp,Apo,0.905178835
1,H9E,E,hyp,Sym,1.224770155
1,H9F,F,hyp,Sym,0.677322573
1,N12G,G,norm,Sym,1.151260828
1,N12H,H,norm,Sym,1.016378387
1,N12I,I,norm,Sym,0.899456298
2,N14A,A,norm,Sym,0.953124567
2,N14B,B,norm,Sym,1.110579063
2,N14C,C,norm,Sym,0.864407109
2,N15J,J,norm,Apo,1.37557111
2,N15K,K,norm,Apo,0.928094599
2,N15L,L,norm,Apo,1.224736367
2,N16M,M,norm,Apo,0.919100755
2,N16N,N,norm,Apo,0.342537601
2,N16O,O,norm,Apo,1.176639755
2,N17D,D,norm,Sym,1.492180314
2,N17E,E,norm,Sym,0
2,N17F,F,norm,Sym,0
1,N1A,A,norm,Sym,1.434213597
1,N1B,B,norm,Sym,1.912488606
1,N1C,C,norm,Sym,1.127882307
2,N20Q,Q,norm,Apo,1.352965031
2,N20R,R,norm,Apo,0.41647529
2,N23G,G,norm,Sym,1.637222271
2,N23H,H,norm,Sym,1.428603007
2,N23I,I,norm,Sym,1.2485666
3,N25A,A,norm,Sym,1.508824892
3,N25B,B,norm,Sym,1.360971396
3,N25C,C,norm,Sym,0.702782968
3,N26E,E,norm,Sym,0
3,N27J,J,norm,Apo,0.782587719
3,N27K,K,norm,Apo,1.14120795
3,N27L,L,norm,Apo,1.056631419
3,N30M,M,norm,Apo,0.290824621
3,N30N,N,norm,Apo,0.540136327
3,N30O,O,norm,Apo,0.297850699
3,N33P,P,norm,Apo,0.695909227
3,N33Q,Q,norm,Apo,0.737723489
3,N33R,R,norm,Apo,0.297157759
3,N36G,G,norm,Sym,0.960093933
3,N36H,H,norm,Sym,1.842159878
3,N36I,I,norm,Sym,1.378526495
1,N3D,D,norm,Sym,1.070842244
1,N3E,E,norm,Sym,0.833672863
1,N3F,F,norm,Sym,0.408110963
1,N6J,J,norm,Apo,0.51569759
1,N6K,K,norm,Apo,0.919508944
1,N6L,L,norm,Apo,1.288320002
1,N7M,M,norm,Apo,0.543203187
1,N7N,N,norm,Apo,0.861578017
1,N7O,O,norm,Apo,0.365821971
1,N8P,P,norm,Apo,1.124057629
1,N8Q,Q,norm,Apo,0.434851252
1,N8R,R,norm,Apo,1.083242423